{"cameraMode":{"drawMode":0,"name":"Shaded","section":"Shading Mode"},"sceneLighting":false,"audioPlay":false,"sceneViewState":{"showFog":true,"showMaterialUpdate":false,"showSkybox":true,"showFlares":true,"showImageEffects":true,"showParticleSystems":true},"in2DMode":false,"pivot":{"x":1.616571307182312,"y":2.361966133117676,"z":2.5051136016845705},"rotation":{"x":-0.08841828256845474,"y":0.877493679523468,"z":-0.1777038276195526,"w":-0.4366113841533661},"size":1.7008147239685059,"orthographic":false}