{"cameraMode":{"drawMode":0,"name":"Shaded","section":"Shading Mode"},"sceneLighting":false,"audioPlay":false,"sceneViewState":{"showFog":true,"showMaterialUpdate":false,"showSkybox":true,"showFlares":true,"showImageEffects":true,"showParticleSystems":true},"in2DMode":false,"pivot":{"x":-5.591584205627441,"y":-2.7459418773651125,"z":33.41171646118164},"rotation":{"x":-0.05861721187829971,"y":0.0742197036743164,"z":-0.004357945639640093,"w":-0.9955570697784424},"size":18.94432258605957,"orthographic":false}