{"cameraMode":{"drawMode":0,"name":"Shaded","section":"Shading Mode"},"sceneLighting":false,"audioPlay":false,"sceneViewState":{"showFog":true,"showMaterialUpdate":false,"showSkybox":false,"showFlares":true,"showImageEffects":true,"showParticleSystems":true},"in2DMode":false,"pivot":{"x":0.0005666017532348633,"y":0.8073065280914307,"z":-0.3507646918296814},"rotation":{"x":-0.00911427941173315,"y":0.9887832403182983,"z":-0.1331051141023636,"w":-0.06772249191999436},"size":1.1298505067825318,"orthographic":false}