{"cameraMode":{"drawMode":0,"name":"Shaded","section":"Shading Mode"},"sceneLighting":false,"audioPlay":false,"sceneViewState":{"showFog":true,"showMaterialUpdate":false,"showSkybox":true,"showFlares":true,"showImageEffects":true,"showParticleSystems":true},"in2DMode":false,"pivot":{"x":-16.009435653686525,"y":-30.116172790527345,"z":64.90940856933594},"rotation":{"x":-0.2164151817560196,"y":0.1002764031291008,"z":-0.02234496921300888,"w":-0.9709241986274719},"size":38.49057388305664,"orthographic":false}