{"cameraMode":{"drawMode":0,"name":"Shaded","section":"Shading Mode"},"sceneLighting":false,"audioPlay":false,"sceneViewState":{"showFog":true,"showMaterialUpdate":false,"showSkybox":true,"showFlares":true,"showImageEffects":true,"showParticleSystems":true},"in2DMode":false,"pivot":{"x":-9.68564224243164,"y":-36.24406051635742,"z":65.34699249267578},"rotation":{"x":-0.25505173206329348,"y":0.054513268172740939,"z":-0.014409559778869152,"w":-0.965327262878418},"size":39.575645446777347,"orthographic":false}