{"cameraMode":{"drawMode":0,"name":"Shaded","section":"Shading Mode"},"sceneLighting":false,"audioPlay":false,"sceneViewState":{"showFog":true,"showMaterialUpdate":false,"showSkybox":true,"showFlares":true,"showImageEffects":true,"showParticleSystems":true},"in2DMode":false,"pivot":{"x":2.332493305206299,"y":1.9101922512054444,"z":2.4036951065063478},"rotation":{"x":-0.11191266030073166,"y":0.8879166841506958,"z":-0.30593159794807436,"w":-0.32481929659843447},"size":1.7008147239685059,"orthographic":false}