{"cameraMode":{"drawMode":0,"name":"Shaded","section":"Shading Mode"},"sceneLighting":false,"audioPlay":false,"sceneViewState":{"showFog":true,"showMaterialUpdate":false,"showSkybox":false,"showFlares":true,"showImageEffects":true,"showParticleSystems":true},"in2DMode":false,"pivot":{"x":0.19834522902965547,"y":0.7199305295944214,"z":-0.09521494060754776},"rotation":{"x":0.044635921716690066,"y":0.951779305934906,"z":-0.2530001699924469,"w":0.16790533065795899},"size":1.0987462997436524,"orthographic":false}