{"cameraMode":{"drawMode":0,"name":"Shaded","section":"Shading Mode"},"sceneLighting":false,"audioPlay":false,"sceneViewState":{"showFog":true,"showMaterialUpdate":false,"showSkybox":true,"showFlares":true,"showImageEffects":true,"showParticleSystems":true},"in2DMode":false,"pivot":{"x":-0.14307308197021485,"y":1.2782187461853028,"z":-4.8830156326293949},"rotation":{"x":-0.1229902058839798,"y":0.7258836627006531,"z":-0.13455428183078767,"w":-0.663300096988678},"size":4.278618812561035,"orthographic":false}