{"cameraMode":{"drawMode":0,"name":"Shaded","section":"Shading Mode"},"sceneLighting":false,"audioPlay":false,"sceneViewState":{"showFog":true,"showMaterialUpdate":false,"showSkybox":true,"showFlares":true,"showImageEffects":true,"showParticleSystems":true},"in2DMode":false,"pivot":{"x":-25.16095733642578,"y":-35.845672607421878,"z":4.267058372497559},"rotation":{"x":-0.3740445673465729,"y":0.47796431183815,"z":-0.2355017066001892,"w":-0.7591320872306824},"size":27.817493438720704,"orthographic":false}