{"cameraMode":{"drawMode":0,"name":"Shaded","section":"Shading Mode"},"sceneLighting":false,"audioPlay":false,"sceneViewState":{"showFog":true,"showMaterialUpdate":false,"showSkybox":true,"showFlares":true,"showImageEffects":true,"showParticleSystems":true},"in2DMode":false,"pivot":{"x":17.24957847595215,"y":-10.701732635498047,"z":23.024187088012697},"rotation":{"x":-0.27515876293182375,"y":-0.28925105929374697,"z":0.08720260113477707,"w":-0.9127072095870972},"size":25.354713439941408,"orthographic":false}